date,total_events,conflict_events,severe_conflict_events,conflict_share,severe_conflict_share,rolling_mean,rolling_std,rolling_z,lag1_share
2024-01-01,67623,23133,13870,0.3420877512089082,0.2051077296186209,,,,
2024-01-02,107010,37344,21780,0.3489767311466218,0.20353238015138772,,,,0.3420877512089082
2024-01-03,124453,44135,24647,0.3546318690590022,0.1980426345688734,,,,0.3489767311466218
2024-01-04,137068,48261,26183,0.35209531035690317,0.19102197449441152,,,,0.3546318690590022
2024-01-05,131775,45401,25246,0.34453424397647503,0.1915841396319484,0.34944791544285886,0.0054245155580008204,-0.9058267809991754,0.35209531035690317
2024-01-06,87905,29706,16837,0.33793299584779024,0.19153631761560777,0.3484651811495821,0.005186314706528675,-2.030764791140352,0.34453424397647503
2024-01-07,76050,24705,13922,0.3248520710059172,0.1830637738330046,0.34670981693261677,0.006325038291847555,-3.455749185719934,0.33793299584779024
2024-01-08,125665,41460,22252,0.3299248000636613,0.17707396649822943,0.3435872818002311,0.010079186676777405,-1.3555143063327093,0.3248520710059172
2024-01-09,142743,46392,24982,0.325003677938673,0.17501383605500795,0.34184971735091013,0.011349162436724456,-1.4843420830532355,0.3299248000636613
2024-01-10,145491,46459,24836,0.319325594022998,0.17070471713026922,0.3384249954640603,0.012407757024736907,-1.5393113681211288,0.325003677938673
2024-01-11,154598,49652,25572,0.3211684497858963,0.16540964307429593,0.3333812418874883,0.011886707134481473,-1.0274327417527256,0.319325594022998
2024-01-12,150064,49783,26196,0.33174512208124535,0.1745655187120162,0.328963118948773,0.009220087663476444,0.3017328287986566,0.3211684497858963
2024-01-13,92544,31105,16650,0.3361103907330567,0.17991441908713693,0.32713610153516876,0.006480403247826095,1.3848349947819145,0.33174512208124535
2024-01-14,82001,27108,15113,0.330581334373971,0.18430263045572615,0.32687572937592113,0.005992552902100541,0.6183683412708774,0.3361103907330567
2024-01-15,122137,38524,21408,0.3154162948164766,0.17527858061029827,0.3276941955713574,0.0060609576872309515,-2.0257360946022698,0.330581334373971
2024-01-16,140995,45163,23966,0.32031632327387494,0.16997765878222632,0.3256215519646167,0.007484556749513169,-0.7088233636663672,0.3154162948164766
2024-01-17,151847,49042,25851,0.3229698314751032,0.1702437321777842,0.3249519298696456,0.007753885749724862,-0.255626463752412,0.32031632327387494
2024-01-18,157003,51909,28166,0.3306242555874728,0.17939784590103375,0.3254725352199463,0.007428686680584499,0.6934900594193847,0.3229698314751032
2024-01-19,143232,47273,25517,0.33004496201966044,0.17815153038427167,0.32682336462017153,0.007375118141785463,0.4368197685181734,0.3306242555874728
2024-01-20,89559,30178,16587,0.33696222601860226,0.18520751683247916,0.3265804846113737,0.007212214916836119,1.4394664505897565,0.33004496201966044
2024-01-21,78894,27329,15400,0.3464015007478389,0.19519862093441834,0.32670217536645163,0.007404436142376331,2.6604760987330325,0.33696222601860226
2024-01-22,127991,39769,21262,0.31071715980029846,0.16612105538670688,0.32896219913414704,0.010537359262654368,-1.7314622078523154,0.3464015007478389
2024-01-23,148359,46943,25422,0.31641491247581877,0.17135461953774292,0.3282908941318358,0.011636515980945426,-1.020578812031346,0.31071715980029846
2024-01-24,151385,48287,26009,0.3189681936783697,0.17180698219770782,0.32773354973211355,0.012163618948287904,-0.7206207372171599,0.31641491247581877
2024-01-25,156069,49680,26435,0.3183207427483997,0.1693802100353049,0.327161887189723,0.01251380986613732,-0.7065110095085937,0.3189681936783697
2024-01-26,146413,46166,24096,0.31531353090231057,0.1645755499853155,0.3254042424984269,0.01280706354763995,-0.7879020478488874,0.3183207427483997
2024-01-27,94857,30735,16409,0.32401404218982255,0.17298670630528057,0.3232997523388055,0.013123828781376771,0.05442694071342005,0.31531353090231057
2024-01-28,82577,27032,14866,0.3273550746575923,0.1800259152064134,0.32145001179183696,0.011713991161568198,0.5041034079937604,0.32401404218982255
2024-01-29,142742,47021,25853,0.3294125064802231,0.18111698028611062,0.3187290937789446,0.0055343583804063606,1.9303796333648442,0.3273550746575923
2024-01-30,155276,51059,27710,0.32882737834565545,0.17845642597697003,0.3213998575903624,0.005534559627312277,1.342025609163066,0.3294125064802231
2024-01-31,157074,51484,27776,0.32776907699555624,0.1768338490138406,0.32317306700033904,0.005658276933006216,0.8122631765171239,0.32882737834565545
2024-02-01,156199,50517,26806,0.323414362447903,0.17161441494503807,0.3244303360456514,0.005544875369200009,-0.18322749026818794,0.32776907699555624
2024-02-02,141958,45951,25215,0.3236943321264036,0.1776229589033376,0.3251579960027233,0.004907010396045382,-0.29828016616784164,0.323414362447903
2024-02-03,92717,31537,17339,0.3401425844235685,0.187009933453412,0.32635525332045084,0.0025712302307462228,5.362153469670539,0.3236943321264036
2024-02-04,79787,27321,15418,0.342424204444333,0.1932395001692005,0.32865933078241455,0.00558443026235645,2.4648662469123823,0.3401425844235685
2024-02-05,133420,40843,21644,0.3061235197121871,0.16222455403987407,0.3308120636090918,0.0075547559044926715,-3.267947265142334,0.342424204444333
2024-02-06,153601,47819,25352,0.3113195877631005,0.1650510087824949,0.3274850654993724,0.012059084026137616,-1.3405228540769634,0.3061235197121871
2024-02-07,159175,49691,26182,0.3121784199780116,0.1644856290246584,0.32498395255900736,0.013467621358763008,-0.9508384769567014,0.3113195877631005
2024-02-08,157124,50031,26465,0.31841730098520915,0.16843384842544742,0.3227567158422153,0.014199539976031784,-0.30560249587880456,0.3121784199780116
2024-02-09,145198,46230,24425,0.3183928153280348,0.16821857050372593,0.3220428499189733,0.01428631281760166,-0.25549171696992456,0.31841730098520915
2024-02-10,91666,29836,16237,0.32548600353457113,0.17713219732507146,0.3212854903763493,0.014324644313386274,0.29323682084702746,0.3183928153280348
2024-02-11,79018,26491,14066,0.33525272722670785,0.17801007365410412,0.3191916931064925,0.0119898499717197,1.3395525513745639,0.32548600353457113
2024-02-12,132313,42345,22792,0.32003657992789825,0.17225820592080898,0.31816719636111745,0.009775812779038925,0.19122538545225423,0.33525272722670785
2024-02-13,150442,47914,25356,0.3184881881389506,0.16854335890243416,0.32015477639193335,0.008207620645761688,-0.20305376246200846,0.32003657992789825
2024-02-14,152626,47778,25267,0.3130397180034856,0.165548464874923,0.3211788621599119,0.007320814124411425,-1.1117812879972102,0.3184881881389506
2024-02-15,156488,49496,25391,0.31629262307652983,0.16225525279893666,0.3213019047349796,0.007149564654199739,-0.7006414936757387,0.3130397180034856
2024-02-16,155048,49401,25927,0.3186174603993602,0.1672191837366493,0.320998379319454,0.007335129158859376,-0.32459127419974165,0.31629262307652983
2024-02-17,99270,31014,16831,0.31242067089755216,0.1695476981968369,0.3210304714725005,0.007322309750681643,-1.1758312428871056,0.3186174603993602
2024-02-18,83149,26439,14469,0.31797135263202203,0.17401291657145607,0.3191639953814978,0.0076549340243815675,-0.1558005262588965,0.31242067089755216
2024-02-19,131686,41461,22354,0.31484744012271615,0.1697522895372325,0.31669522758225693,0.002929718209447864,-0.6307048417086566,0.31797135263202203
2024-02-20,155447,50368,27155,0.3240204056688132,0.17468976564359556,0.31595392189580235,0.0025788381386826413,3.1279527210387355,0.31484744012271615
2024-02-21,162299,52729,28182,0.32488801532973094,0.1736424746917726,0.3167442386857827,0.003961815399169069,2.055566911486147,0.3240204056688132
2024-02-22,159561,50644,26795,0.31739585487681826,0.167929506583689,0.3184368525895321,0.004595630520638656,-0.2265190180191319,0.32488801532973094
2024-02-23,154666,48554,26099,0.31392807727619515,0.16874426182871477,0.31859445713243045,0.004528263114101692,-1.0305010417136529,0.31739585487681826
2024-02-24,102827,32207,17928,0.31321540062434966,0.17435109455687708,0.31792454525769254,0.004859082549826797,-0.9691427517548009,0.31392807727619515
2024-02-25,83762,26541,14862,0.31686206155535923,0.1774312934266135,0.3180380780758065,0.004716235816414695,-0.24935490213490985,0.31321540062434966
2024-02-26,143858,44653,24475,0.3103963630802597,0.17013304786664626,0.31787960792199754,0.0047374404956716035,-1.579596587772441,0.31686206155535923
2024-02-27,164628,51191,27034,0.310949534708555,0.1642126491240858,0.3172437397730752,0.005456413174404239,-1.1535426045164552,0.3103963630802597
2024-02-28,167329,52488,27355,0.3136814299971912,0.163480329171871,0.31537647249303824,0.004965240434677957,-0.34138175545511223,0.310949534708555
2024-02-29,163549,51021,26617,0.3119615528068041,0.1627463329032889,0.3137755317312469,0.00265782862860183,-0.6825040956071915,0.3136814299971912
2024-03-01,157418,48805,25724,0.310034430624198,0.16341206215299395,0.312999202864102,0.0021736793846807334,-1.3639418309795726,0.3119615528068041
2024-03-02,93780,29680,15871,0.3164853913414374,0.16923651098315207,0.3124429676281024,0.0023843439244722276,1.6954029457934643,0.310034430624198
2024-03-03,81718,25702,13917,0.3145206686409359,0.17030519591766807,0.31291010915911494,0.0028380616617529504,0.5674857257421987,0.3164853913414374
2024-03-04,138075,42858,22757,0.3103965236284628,0.16481622306717364,0.31257562445705445,0.002398623840399099,-0.9084796006317755,0.3145206686409359
2024-03-05,160302,49610,25913,0.3094783595962621,0.16165113348554602,0.31257564739251203,0.002398599530124564,-1.2912900871322655,0.3103965236284628
2024-03-06,168219,52828,27156,0.3140430034657203,0.16143241845451464,0.3123654795193273,0.0026191421535470367,0.6404860248311267,0.3094783595962621
2024-03-07,165695,51053,27442,0.308114306406349,0.165617550318356,0.31241713287197437,0.0026527695644230705,-1.6220129042988098,0.3140430034657203
2024-03-08,152076,46410,24921,0.30517635918882663,0.16387201136273968,0.31186752624333797,0.00312024060090969,-2.144439455265265,0.308114306406349
2024-03-09,93462,29251,15975,0.3129721170101218,0.17092508185144764,0.31117351603828486,0.0040094749094038,0.4485876610970925,0.30517635918882663
2024-03-10,80404,24662,13493,0.30672603353067013,0.16781503407790657,0.31067161970523977,0.0034085916204646747,-1.1575414757464424,0.3129721170101218
2024-03-11,135978,40542,21522,0.2981511715130389,0.1582756034064334,0.30955810040377324,0.0032089452295889216,-3.5547284464545474,0.30672603353067013
2024-03-12,158152,49580,26668,0.3134958773837827,0.1686225909251859,0.30780876438728416,0.00531942689023717,1.069121376014434,0.2981511715130389
2024-03-13,154952,47749,25539,0.30815349269451187,0.1648187825907378,0.30838269549978703,0.005730441260834998,-0.039997409421445855,0.3134958773837827
2024-03-14,157280,48887,25508,0.3108278229908443,0.16218209562563582,0.30754133681818585,0.005165365409827854,0.6362543425108824,0.30815349269451187
2024-03-15,149592,45944,24034,0.30712872346114767,0.16066367185410985,0.3079289820445424,0.005315179745561679,-0.15056096344868816,0.3108278229908443
2024-03-16,89271,29003,16273,0.32488714140090286,0.18228764100323733,0.3082078912263025,0.005196565584732757,3.209667982177142,0.30712872346114767
2024-03-17,80540,26466,14818,0.32860690340203624,0.18398311398063075,0.30991003756784263,0.008136790800126577,2.2978181808364493,0.32488714140090286
2024-03-18,137142,44024,23333,0.3210103396479561,0.1701375216928439,0.31303587612089495,0.010553696278595358,0.7556085864660225,0.32860690340203624
2024-03-19,157695,50401,26409,0.31961064079393764,0.16746884809283744,0.3163014715687403,0.008521266266655206,0.38834242724541534,0.3210103396479561
2024-03-20,161172,50899,26488,0.315805474896384,0.16434616434616434,0.3171750091987624,0.008499114061833065,-0.16113847777718004,0.31961064079393764
2024-03-21,160409,50556,26823,0.3151693483532719,0.16721630332462642,0.31826814951331556,0.007588728625996488,-0.4083425976557069,0.315805474896384
2024-03-22,151494,48469,25987,0.31994006363288313,0.17153814672528284,0.3188883674222338,0.007036621242244175,0.149460397887482,0.3151693483532719
2024-03-23,91531,31355,17243,0.34256153652860777,0.18838426325507204,0.32071855887533884,0.004768889888008033,4.5803065632099855,0.31994006363288313
2024-03-24,82193,27840,15923,0.33871497572786,0.1937269597167642,0.32324347246501095,0.00958789285701218,1.6136499952159842,0.34256153652860777
2024-03-25,137364,45259,24019,0.32948225153606475,0.1748565854226726,0.3246874827972715,0.011162220489547611,0.4295533082582549,0.33871497572786
2024-03-26,154777,51230,26522,0.3309923309018782,0.1713562092558972,0.32589775592414416,0.011156359141540485,0.45665211321178006,0.32948225153606475
2024-03-27,151961,48762,25753,0.32088496390521254,0.16947111429906359,0.32752371165384997,0.010914110507875798,-0.6082719928341208,0.3309923309018782
2024-03-28,148572,46347,24510,0.31194976173168565,0.16497051934415638,0.32824935294082547,0.01014705918885878,-1.6063364671250138,0.32088496390521254
2024-03-29,127506,40889,22100,0.32068294825341553,0.17332517685442253,0.3277894119948846,0.010884899287174524,-0.6528736329092613,0.31194976173168565
2024-03-30,81601,26774,14641,0.3281087241577922,0.17942182081101948,0.32789553836924634,0.010798895873352114,0.019741443111041757,0.32068294825341553
2024-03-31,72582,24276,13314,0.3344630900223196,0.1834339092336943,0.3258308508877013,0.00870641830199522,0.991479944472698,0.3281087241577922
2024-04-01,119531,39990,21917,0.3345575624733333,0.18335829199119894,0.3252234386440526,0.007753951143773978,1.2037893528353594,0.3344630900223196
2024-04-02,151259,51361,27800,0.339556654480064,0.18379071658545937,0.3259484830636624,0.00842665517448976,1.6148959622316061,0.3345575624733333
2024-04-03,153119,49913,26279,0.32597522188624534,0.17162468406925332,0.32717195786054615,0.00979212948249224,-0.12221406757748715,0.339556654480064
2024-04-04,152052,48294,25342,0.31761502643832373,0.16666666666666666,0.3278991375721222,0.009429732679832926,-1.0906047374802854,0.32597522188624534
2024-04-05,142415,45324,23800,0.3182529930133764,0.16711722782010321,0.328708461101642,0.007961516507167817,-1.313250820852088,0.31761502643832373
2024-04-06,87154,29891,16612,0.34296762053376784,0.19060513573674187,0.3283613246387792,0.008410102069972981,1.7367560789943606,0.3182529930133764
2024-04-07,81771,28389,15806,0.34717687199618447,0.19329591175355565,0.3304840241210614,0.010050854044048426,1.6608387508131854,0.34296762053376784
2024-04-08,133619,41968,21930,0.3140870684558334,0.16412336568901129,0.33230027868875645,0.01187325244854534,-1.5339697620220694,0.34717687199618447
2024-04-09,148548,46679,24330,0.31423512938578774,0.1637854430891025,0.3293759224005422,0.013617436256768539,-1.1118681027222534,0.3140870684558334
2024-04-10,148167,46528,24408,0.3140240404408539,0.16473303772095002,0.32575856167278844,0.013823932377346401,-0.8488555145975799,0.31423512938578774
2024-04-11,147354,46261,24325,0.313944650297922,0.16507865412543943,0.3240512500377325,0.014513524118334795,-0.696357387592922,0.3140240404408539
2024-04-12,145242,46515,24346,0.3202586028834635,0.16762369011718373,0.3235269105891037,0.014847267734493245,-0.22012856264774497,0.313944650297922
2024-04-13,92813,33083,18437,0.35644791139172316,0.1986467412970166,0.3238134262848304,0.014747548638300557,2.2128752314902296,0.3202586028834635
2024-04-14,95964,37521,20673,0.39099037138927095,0.21542453420032512,0.3257391821216812,0.01815263000732986,3.5945859768662705,0.35644791139172316
2024-04-15,141511,48559,26331,0.34314646917907443,0.18607034082156157,0.33199825346355066,0.03027930864561711,0.3681793348058314,0.39099037138927095
2024-04-16,150218,49708,26659,0.3309057503095501,0.1774687454233181,0.33614959642401365,0.029393468149037094,-0.17840174857471966,0.34314646917907443
2024-04-17,155130,50683,26655,0.32671307935280086,0.17182363179269,0.3385311136988368,0.027962500197471235,-0.4226386861896101,0.3309057503095501
2024-04-18,152730,49415,26195,0.3235448176520657,0.17151181824134093,0.3403438335434007,0.026481050228573184,-0.634378763165849,0.32671307935280086
2024-04-19,146453,49427,27303,0.3374939400353697,0.18642841047981262,0.34171528602256407,0.025098472771664944,-0.1681913487564901,0.3235448176520657
2024-04-20,93397,31589,17819,0.33822285512382627,0.19078771266743044,0.344177477044265,0.023432860940142995,-0.25411416624070066,0.3374939400353697
2024-04-21,79541,26366,14851,0.3314768484177971,0.18670874140380433,0.34157389757742257,0.022847455773380286,-0.4419331964038457,0.33822285512382627
2024-04-22,138826,43686,24280,0.3146816878682667,0.17489519254318356,0.3330719657243549,0.0069043466139662585,-2.6635797540766437,0.3314768484177971
2024-04-23,151753,48838,26796,0.32182559817598333,0.17657641035103094,0.3290055683942395,0.008235872773372715,-0.8717922697239365,0.3146816878682667
2024-04-24,158116,50984,27938,0.3224468112019024,0.17669306079081182,0.32770840380372995,0.008593994329712234,-0.6122406415415627,0.32182559817598333
2024-04-25,159160,53268,29739,0.3346820809248555,0.18684971098265896,0.3270989369250302,0.008824529902928906,0.8593255485834331,0.3224468112019024
2024-04-26,148890,48772,26912,0.32757068977097187,0.18075088991873195,0.3286899745354287,0.009077320386709543,-0.12330563610992706,0.3346820809248555
2024-04-27,91535,30599,17518,0.3342874310373081,0.19138034631561698,0.3272723673548005,0.008206320647806003,0.8548366537911432,0.32757068977097187
2024-04-28,82368,26773,15319,0.32504127816627815,0.18598242035742035,0.3267101639138693,0.0074290826999337655,-0.22464223579124293,0.3342874310373081
2024-04-29,139362,43774,24003,0.31410284008553263,0.17223489903991046,0.3257907967350809,0.007133195461913982,-1.638530264865633,0.32504127816627815
2024-04-30,149578,49449,27697,0.33059006003556674,0.18516760486167752,0.3257081041946903,0.007285179355153835,0.6701215718762945,0.31410284008553263
2024-05-01,147616,50188,28506,0.33999024495989594,0.19310914805983093,0.3269601701746308,0.007259809280560372,1.7948232910409687,0.33059006003556674
2024-05-02,151534,51578,28496,0.34037245766626634,0.18805020655430466,0.3294663749972013,0.00838325698585018,1.3009362217421079,0.33999024495989594
2024-05-03,145651,49986,27397,0.3431902286973656,0.18810032200259524,0.33027928596025996,0.009208576322904316,1.402056331443167,0.34037245766626634
2024-05-04,91890,31403,17347,0.3417455653498748,0.18878006311894657,0.3325106486640305,0.010273674771004741,0.8988912820082541,0.3431902286973656
2024-05-05,80576,28175,16054,0.3496698768864178,0.19924046862589356,0.3335760964229686,0.01085872028913161,1.482106549844307,0.3417455653498748
2024-05-06,136762,44515,24124,0.32549246135622467,0.17639402758076073,0.3370944676687028,0.011597305227773795,-1.0004053600911615,0.3496698768864178
2024-05-07,153589,50925,26868,0.33156671376205327,0.1749344028543711,0.33872155642165885,0.00810806818502943,-0.8824349396587636,0.32549246135622467
2024-05-08,155230,50631,27110,0.32616762223796947,0.17464407653159827,0.3388610783825855,0.007951717775865959,-1.5963162303297025,0.33156671376205327
2024-05-09,151012,49311,26417,0.3265369639498848,0.1749331178979154,0.33688641799373886,0.009236997344909095,-1.1204348834806253,0.32616762223796947
2024-05-10,140866,45589,24395,0.3236338080161288,0.17317876563542658,0.33490991889139865,0.009828068691217095,-1.1473374097748033,0.3265369639498848
2024-05-11,87190,28916,16207,0.33164353710287875,0.1858814084183966,0.33211614450836485,0.00986151208876539,-0.04792443605322101,0.3236338080161288
2024-05-12,73724,25713,14691,0.34877380500244154,0.19927025120720526,0.3306729976159368,0.008910812022538793,2.0313308529818572,0.33164353710287875
2024-05-13,130045,41448,22733,0.31872044292360335,0.1748087200584413,0.3305449873467973,0.008593200073597035,-1.3760350418844984,0.34877380500244154
2024-05-14,148960,48418,26791,0.3250402792696026,0.17985365198711065,0.32957755614213713,0.009581222042878354,-0.4735593071770052,0.31872044292360335
2024-05-15,156230,50283,27380,0.32185239710682967,0.1752544325673686,0.32864520835750133,0.00967250503273914,-0.7022804565807516,0.3250402792696026
2024-05-16,155523,50384,27234,0.32396494409187065,0.1751123628016435,0.3280287476244813,0.009989059069053565,-0.4068254581855915,0.32185239710682967
2024-05-17,144473,45671,24913,0.3161213513943782,0.1724405252192451,0.32766131621619365,0.010099767705674707,-1.142597053527435,0.32396494409187065
2024-05-18,90021,29283,16483,0.3252907654880528,0.1831017207096122,0.3265881081273721,0.010961442900954386,-0.11835509713838334,0.3161213513943782
2024-05-19,77579,25579,14695,0.3297155157968007,0.1894198172185772,0.32568056932525413,0.010733745322434075,0.37591226085021034,0.3252907654880528
2024-05-20,137992,44021,24000,0.3190112470288133,0.17392312597831758,0.32295795658159115,0.004516168173051031,-0.8739066840621117,0.3297155157968007
2024-05-21,150165,48009,25522,0.31970832084706824,0.16995971098458362,0.32299950002519257,0.004471811025600361,-0.7359835107706659,0.3190112470288133
2024-05-22,156670,48848,24956,0.3117891108699815,0.15929022786749217,0.32223779167911626,0.004520107784828634,-2.3115999233922864,0.31970832084706824
2024-05-23,150125,46903,24534,0.3124263114071607,0.16342381348875937,0.3208001793595665,0.006015916994723095,-1.3919520431799506,0.3117891108699815
2024-05-24,141184,44432,23902,0.3147098821396192,0.16929680417044424,0.31915180326175074,0.006560404790342899,-0.6770803424615163,0.3124263114071607
2024-05-25,87437,27772,15306,0.31762297425574987,0.175051751546828,0.3189501647967852,0.006689492809870126,-0.1983992776069779,0.3147098821396192
2024-05-26,75163,23990,13648,0.3191729973524207,0.18157870228702952,0.31785476604931334,0.00607803165800397,0.21688457337523703,0.31762297425574987
2024-05-27,111963,35263,19148,0.3149522610147995,0.1710207836517421,0.3163486919858305,0.003337597654433645,-0.4183940413476655,0.3191729973524207
2024-05-28,139530,42806,22486,0.30678707088081414,0.16115530710241524,0.3157688368409714,0.0031449574664343767,-2.8559260517886806,0.3149522610147995
2024-05-29,147912,46363,24725,0.3134498891232625,0.16716020336416249,0.3139229439886494,0.004095645805141787,-0.11550189833139755,0.30678707088081414
2024-05-30,147085,46370,24875,0.31525988374069414,0.1691198966583948,0.31416019802483236,0.003998382967955098,0.27503261310263893,0.3134498891232625
2024-05-31,151568,49816,27752,0.3286709595693022,0.18309933495196876,0.31456499407248,0.0039365451252757495,3.583336415033243,0.31525988374069414
2024-06-01,90948,29414,16715,0.3234155781325593,0.1837863394467168,0.3165594337052919,0.006634393579961733,1.0334244335421148,0.3286709595693022
2024-06-02,75925,24162,13529,0.318235100428054,0.17818900230490617,0.31738694854483607,0.007131773987824353,0.11892579387203035,0.3234155781325593
2024-06-03,129756,39958,21585,0.3079472240204692,0.16635068898548044,0.3172529632699265,0.007101372263831963,-1.3104142275222541,0.318235100428054
2024-06-04,141281,42153,22140,0.298362837182636,0.15670897006674642,0.3162522436993079,0.00792538540257547,-2.2572285899003024,0.3079472240204692
2024-06-05,148495,44869,23719,0.3021583218290178,0.15972928381426985,0.31504878174242534,0.009976418252887472,-1.2920929723126489,0.298362837182636
2024-06-06,156148,47247,26015,0.30257832312933886,0.16660475958705842,0.3134357007003904,0.011124798222691627,-0.9759617526280504,0.3021583218290178
2024-06-07,141390,42270,22808,0.2989603225122003,0.16131268123629677,0.3116240491844825,0.011790866863974358,-1.074028467828331,0.30257832312933886
2024-06-08,88424,26286,14426,0.2972722337826834,0.16314575228444766,0.30737967246203934,0.009813400121363582,-1.0299629643503714,0.2989603225122003
2024-06-09,78005,23169,13025,0.29701942183193386,0.1669764758669316,0.3036449089834856,0.007361926490960279,-0.8999664910655115,0.2972722337826834
2024-06-10,126477,37775,20445,0.29867090459134865,0.1616499442586399,0.3006140977554685,0.003913873755775831,-0.4964884626777257,0.29701942183193386
2024-06-11,143947,43132,23467,0.29963806123086967,0.1630252801378285,0.29928890926559415,0.00222181734081476,0.1571470160312463,0.29867090459134865
2024-06-12,145114,43953,23845,0.3028860068635693,0.16431908706258527,0.2994710841296275,0.0021852085178953318,1.562744564638114,0.29963806123086967
2024-06-13,150523,44067,23880,0.29275924609528114,0.15864685131175965,0.29957503913456346,0.002345762915148064,-2.905576260613747,0.3028860068635693
2024-06-14,142792,40804,22082,0.28575830578743905,0.15464451790016248,0.2981723138439838,0.0030734745332639405,-4.039079524554065,0.29275924609528114
2024-06-15,107460,33988,18724,0.316285129350456,0.17424157826167877,0.2962863114547321,0.00555675381136415,3.5990109647874244,0.28575830578743905
2024-06-16,92554,30095,16832,0.32516152732458886,0.18186139983144975,0.2990024393929854,0.00942164436348137,2.776488574860355,0.316285129350456
2024-06-17,134855,43233,23180,0.3205887805420637,0.17188832449668162,0.30302274017765035,0.01353901823769121,1.2974382673856897,0.32516152732458886
2024-06-18,132067,40896,21603,0.3096610053987749,0.16357606366465507,0.30615386531346683,0.014837058209340925,0.2363770523660868,0.3205887805420637
2024-06-19,133951,40711,21319,0.3039245694321058,0.15915521347358363,0.3075857144803104,0.014584939505778325,-0.2510222991843162,0.3096610053987749
2024-06-20,137191,42177,22163,0.30743270331144174,0.16154849807932006,0.3077340805615299,0.014534358180107945,-0.020735504544028352,0.3039245694321058
2024-06-21,135779,42959,23241,0.31638913234005256,0.1711678536445253,0.30983028873526713,0.012990842583963075,0.5048820784636542,0.30743270331144174
2024-06-22,80874,26305,14511,0.325259044934095,0.17942725721492692,0.3142061210999262,0.007550879092906871,1.4637929833298098,0.31638913234005256
2024-06-23,73098,24468,13777,0.3347287203480259,0.1884730088374511,0.3154881090404461,0.008645182173469901,2.225587722908243,0.325259044934095
2024-06-24,126225,40452,21634,0.32047534165181224,0.1713923549217667,0.31685485090093707,0.010893310392711573,0.33235909198892805,0.3347287203480259
2024-06-25,148383,47005,25256,0.3167815720129665,0.1702081774866393,0.31683864534518685,0.010886912266905436,-0.005242380100175437,0.32047534165181224
2024-06-26,146811,47235,24881,0.3217401965792754,0.1694764016320303,0.31785586914721425,0.010427453225059512,0.37250969610932594,0.3167815720129665
2024-06-27,142994,45385,24180,0.3173909394799782,0.16909800411206063,0.32040095873966706,0.008446450982284732,-0.35636497103954756,0.3217401965792754
2024-06-28,132367,42334,22802,0.3198229165879713,0.1722634795681703,0.32182356390660083,0.006516301789127686,-0.3070218942234339,0.3173909394799782
